Name,Price,Link
No name,No price,No link
No name,No price,No link
No name,No price,No link
No name,No price,No link
No name,No price,No link
No name,No price,No link
No name,No price,No link
No name,No price,No link
No name,No price,No link
No name,No price,No link
No name,No price,No link
No name,No price,No link
No name,No price,No link
No name,No price,No link
No name,No price,No link
No name,No price,No link
No name,No price,No link
No name,No price,No link
No name,No price,No link
No name,No price,No link
No name,No price,No link
No name,No price,No link
No name,No price,No link
No name,No price,No link
No name,No price,No link
No name,No price,No link
No name,No price,No link
No name,No price,No link
No name,No price,No link
No name,No price,No link
No name,No price,No link
No name,No price,No link
No name,No price,No link
No name,No price,No link
No name,No price,No link
No name,No price,No link
